cfe787025826d7363f601b27122a20b2bebd3086,16a12a0d09c5c6d1bd1ec536e855672043b8dbc2
09fbc216267d3b002435ed140849475bfa5e3fd2,5a9856d7c20d62dbbc88c65bc51c56fd8663472c
916eb758b4cf5250d2ae77b5666426b494860b60,bb7a2085b669b837f3f373d613428c4f60506758
59e9b8c2730db91ba562d2c5c52967d6b059181d,f632e0d14b337e7a7686964456ddd3dbe655eea2
030f169d3a5e68fcd5d7ada8a9453251e34210b0,68a31e7082d302b031118c975b5daa4f46aa851d
a6569abd93ec7a14ef6815ed693064da24d508df,28ea10b83652206c4279bc15c3f77db10798e195
d5ea006d35d692a3c64b48141fd08d69bc130663,302e2d6d5d04d3c7f5c813851aea38f694cda34f
5ffcac67a09159f00bb97e1e3b09f63c692c40d4,519b9d3f795b87e042eccc401c48769267faf2cd
14a9f6c170772118d519c323202572527b9d0f67,71c51d833ca2a003f2a48743b1cf9759b1f3f31e
0112c8e8b175ae5f2ed1e3cf82e0405ecec39bf9,3f6462d416f247bc29a64d9790f58678c90af72d
061c100f522ceaab9ceb7a4158aa98cf76aef5d9,a027bd539d5b774be6458c4f405b3446b26c1f86
98ea3d458303f932bb3d979e4d9ab27d8df40a79,e04fe7c08f06d48e321852e53f23c655ed4f3ddc
cdc29fddf5811782db08218ab1b2027b063edd9a,0c915d8c30027d4bbac06bf65a1af6b5fd6e30a3
19c3fb58eb154cea93a78288cb72380bb218c8fb,1409ac16b214ddbb3ed0db0e4fb426b8adc55c3f
c94bda4521a060e9d91222d755e1d562ecfbe46e,3e75785398a791b088de0352b9a7b7ea986889c3
b8b57dd0f54d8114c52caa410cfd05693b14c3a5,a862d2c56b5ac7713cd7699632e5dcf9708f3c44
651829685178fa65163ad7a092647e0fb29bb469,77cd7480322aaf3b3316d80cbe9496697d525c0a
1c6c2fd9b46c857b47829bcbbda69d59377e0e8b,fc53bebfe208152edd5e772e67e4bba01be68ac0
9bce7abca584d3c7dd15ca30298e13f2fba2a6f8,7cacf34c3f821c6daae5503621c9547356acfc74
5b7165837396008b378c1c54554ebf606122fb00,7d2f0abd8033ac4be6a79e0918bf4b7d3db03aed
e2108cf478bdd5ab850391941d31f7e662b29994,543cc5415c596eb1b1ad56a9dcfd27654ab83083
217ea804472825fcdd5aa1053e78b7703c9519f2,c235e50d86806254b81c5bfe4902585cd1a82999
f8a8135f940536651925ff9c213f1be06389557b,d11d414a6adcc61a0c07ccde10fdd1781443f0d8
6cd25e84859ed4c3ca53a9dd9928238aae2c8b2a,a321faddcea7b91c5cecc8f2f2e6549cd286ab68
d0a31ebce1391f8fa63caada13c9eecc740c1283,73822a37f587e3ebdbe75ea7fd9922e9d0a5b448
1420120136ea163d3bfc2dd729b1856412ea95fa,e2c899c14966ee87a79069ebdd29c817a23cb271
11eb9ac8343dec026f479ac70dcc0a9de67e3843,50f8a106b37ff9d61f79f71a79a3914cb509fb0a
d27ed1e51d1ed47dea354f9a344164fd4218ed4a,0623763ecfbe9265a20b609a345e370782c9262a
41e64869626dc9545a640dd86576589919287f64,01a9315bf8f8b7a06da18906711a7b3991b0d694
a14134288d68bb754c4067e8606d42381e29d75f,502379380dae4cc8181c82bdf05bf4345d3499f2
5958dc485466a5421b824195a64dfae027ee992a,3e8622b2d315ed78646aec67565b21ad183b6198
be381448e4be9737d21a92ea7cd608475371c924,ff36719182fc61f862ecfec45c0d2ffec46172e6
fdee751efeaf3b593413111be2a85d707ea18c1a,fc437caeac0f5600460c3c9fc1048ebf36a22b3a
6dce3f4f72cedad3252e012294131635cd4d5819,2dc6df4167a8404b98db8d32e3ad0db37fa1fd5b
3b13e8b11302c0e083ac930389afc85f023ed852,e779e8e8811a2ad0909499ea98c7ab94a370498b
18d5caf0fe70666eb2cc70076aab89e72e60b7c6,7e8ad03fdee2ed3603419256110e24285a3057e6
8eb23e7392a24444be03aead7c10f47c5625aec2,869eb89e95110baf3ca2e5997ba27c36d9396452
37e6fd8dbacc3d1712d408b85876f51a0b4bf294,b3c6d42db2fbf9dcbc3c2ed004bbe7e167cbd22c
fea5c32d363de942a7fb74c2d6cc60251840fdcf,5f01659ac81069069ea922f95b674814db92c697
527949573efce93a6e0477f774bfe9671100abc6,78f722ed6049d57890219342641d7eb763f57a1f
d16f40ee67accd3d00b78c59a807c63d46672f29,9540aa208842a50a75d9d138fcd1f2bb54b4ee22
a71ba89135a8398ccc4ab57561157465a0af7c74,2bd260f4b4426ac00833c6893329223543622fb1
4a25edab82c938455684a265b77a7b72264d2557,b7e9f1a37004e3df58fc104141fed5f3ca5fb3c3
30a58b7f0e67370d3af58648824cb9bf93891df7,d7bbe82a86413e9712c18ac0d9bc6c79b22952ed
8ff7547cfdef6ed7755fd69883f37fb1c6926740,fae9f1e5c84e0d3e105195323ca63a2bec409ccb
025ca18ac21af5e489bad56b3cc5660b04872972,83aacdbf7e1bdb3b33009a3c6340914fab218c22
84cbbe8ab6aab431bb344959083c3467bb5541fc,98d9ab3ec065c9e4e700ed9e113eb2087ca679e0
b9ace515d0a4086a45e6618214aecd5fefd9ec31,afe23c5c4d45241582ab33aaf7a464c355de4a19
1a5dec92adb981cec4117b1713d52b09331ec01e,77e1e7888d20c1b0ee1df96132476d710f76a9d1
3192e95c18dc9bc393ee1d2f0012028bc1d1c39e,e38343b56f42aee2500b101a7a4849afb25f4ae3
0729a05ce30dfd598e8d1144d92ead5cc6e0e716,7e74de1b5212caad41ccb6dd042642c27176063b
ae9121c53521cce45e1948f26d1777b8190fa4f7,b995a10f0883477a8a3721b24b6fc89af1fa3c5a
7864f645defdff2332c066fc9166ed3338bb7090,d80717af809cabd3c875e1e94a689c9a6a6dc072
20e12659cf17ec33560fae8e09607585900c5303,890a55fca1fc741bc5fbbd48a5c6a89b0dcf6468
1225a255282123a13a255f98294ac7df0cb38dbf,bff454cf242b2031e22826c98d31177ee0d060f1
e53ec6e538361495917277b8fb21418b5b951c74,01177765ba9e185bab31ce80a78b84d08c491629
ac6056ec645a1d00b2455313511030efb261be6a,d7b4bc1de8d095a0639a3ecd537f587bb1b8d5df
192e8af7948cc0e402e49db8591fd3018e4065bf,a1bcf418f266ea349a636c94fe7c3b9f9f8ac0dd
fa6520f0f95630a954f02826a3cdf457fc8aa208,89a08620c3b34f7fe3ecaf8c86e7040efbf6bb0e
3fbefb099e4a19c662954761aac6c9c36d172a70,d95e4ad9bfa774ce50585aaf6924efc653d17ddf
87020477ae6175b6eb1010470a9a80c353337984,36017582402dfb9123264157d012085bd6eb4cda
05d687ef000ae172b27739d15ad9621748fe3f63,643d976e7f8eb3e1796abedbdf087c5219de6002
f1f956836dfb753aaa5d6d20bd60e3f1a1453e31,708ec7b911f7b301ed66924763232bdd8690e40d
1bc42c66a18262dce46770345698cc8bbb58fdf3,c23111f1518c97a2d8155f094f1ee8441c222ef5
e76dabafbc4fc98d96ea707940d4eb0ecb8fe6b0,46eecfca52fadbeb6f8d35d6767989b58c8c097c
5bf5691bd1d0bf3e48eca064bdcd43eeea5093d4,1f18618133c2f3cb67e10fb1a5c53286aad3592e
210792cc268113438b292a95fdde226f4ed5ab64,1a02f86ea27b54fa48648c1882b89ce7cbfdf21f
c66f432e17334553bf10d17b75db3d625e107f64,079ab301854c592835ca6ceb4548b68669e9bd5b
ad757f28d108b56a76fa2e87788d776971f0e573,98e1f5a67ffbfedbf7eefbb67885851f3d91f097
be957b34231f7683ae31525f38cf91311f87d52e,9fe68b23c05a23e356df0d967b0c7f60762b8814
cdf926498235a849ad7dfc04a5b99b8454b2b519,34e87290fa943933dfdd69760b3f6ee2e13353f3
58d0aa4bc2c3e980fe489a1efa9ccbc5e79242c0,6df821d4f9819e78337168aa28b5404e63c8d39f
d843dfd26c5ee4d7c74e7469870a4fb89c627828,849f5abd11ed3366a21dbb573061a635a9961c87
cf3b6fbb3f1bbcd616d90b26b081aa01a638137f,34e9df7f9d1333bdcc9dc83a3ec729d10cfdf299
